USER_ID,CAUSE_RANK,CAUSE,SCORE
user_0,1,DISASTER_RELIEF,0.219
user_0,2,COMMUNITY_HEALTH,0.188
user_0,3,ANIMAL_RESCUE,0.170
user_0,4,ENVIRONMENT,0.143
user_0,5,EDUCATION,0.142
user_0,6,CLEAN_WATER,0.138
user_1,1,ANIMAL_RESCUE,0.215
user_1,2,ENVIRONMENT,0.173
user_1,3,COMMUNITY_HEALTH,0.171
user_1,4,DISASTER_RELIEF,0.149
user_1,5,EDUCATION,0.146
user_1,6,CLEAN_WATER,0.145
user_10,1,ANIMAL_RESCUE,0.191
user_10,2,CLEAN_WATER,0.174
user_10,3,COMMUNITY_HEALTH,0.171
user_10,4,DISASTER_RELIEF,0.168
user_10,5,ENVIRONMENT,0.156
user_10,6,EDUCATION,0.139
user_100,1,ENVIRONMENT,0.208
user_100,2,ANIMAL_RESCUE,0.205
user_100,3,DISASTER_RELIEF,0.166
user_100,4,COMMUNITY_HEALTH,0.142
user_100,5,EDUCATION,0.140
user_100,6,CLEAN_WATER,0.140
user_101,1,CLEAN_WATER,0.218
user_101,2,COMMUNITY_HEALTH,0.179
user_101,3,ENVIRONMENT,0.167
user_101,4,EDUCATION,0.164
user_101,5,ANIMAL_RESCUE,0.144
user_101,6,DISASTER_RELIEF,0.128
user_102,1,ANIMAL_RESCUE,0.209
user_102,2,ENVIRONMENT,0.191
user_102,3,EDUCATION,0.172
user_102,4,CLEAN_WATER,0.164
user_102,5,DISASTER_RELIEF,0.138
user_102,6,COMMUNITY_HEALTH,0.126
user_103,1,ANIMAL_RESCUE,0.226
user_103,2,ENVIRONMENT,0.189
user_103,3,COMMUNITY_HEALTH,0.159
user_103,4,DISASTER_RELIEF,0.154
user_103,5,CLEAN_WATER,0.139
user_103,6,EDUCATION,0.133
user_104,1,DISASTER_RELIEF,0.239
user_104,2,COMMUNITY_HEALTH,0.197
user_104,3,ANIMAL_RESCUE,0.176
user_104,4,CLEAN_WATER,0.132
user_104,5,ENVIRONMENT,0.131
user_104,6,EDUCATION,0.125
user_105,1,DISASTER_RELIEF,0.228
user_105,2,COMMUNITY_HEALTH,0.191
user_105,3,ANIMAL_RESCUE,0.173
user_105,4,EDUCATION,0.148
user_105,5,CLEAN_WATER,0.131
user_105,6,ENVIRONMENT,0.129
user_106,1,ANIMAL_RESCUE,0.203
user_106,2,DISASTER_RELIEF,0.185
user_106,3,ENVIRONMENT,0.176
user_106,4,COMMUNITY_HEALTH,0.158
user_106,5,CLEAN_WATER,0.146
user_106,6,EDUCATION,0.132
user_107,1,EDUCATION,0.205
user_107,2,ANIMAL_RESCUE,0.198
user_107,3,ENVIRONMENT,0.192
user_107,4,CLEAN_WATER,0.179
user_107,5,COMMUNITY_HEALTH,0.114
user_107,6,DISASTER_RELIEF,0.111
user_108,1,EDUCATION,0.197
user_108,2,ANIMAL_RESCUE,0.186
user_108,3,CLEAN_WATER,0.175
user_108,4,ENVIRONMENT,0.173
user_108,5,DISASTER_RELIEF,0.137
user_108,6,COMMUNITY_HEALTH,0.132
user_109,1,COMMUNITY_HEALTH,0.199
user_109,2,ANIMAL_RESCUE,0.188
user_109,3,DISASTER_RELIEF,0.183
user_109,4,CLEAN_WATER,0.179
user_109,5,ENVIRONMENT,0.148
user_109,6,EDUCATION,0.104
user_11,1,EDUCATION,0.209
user_11,2,DISASTER_RELIEF,0.173
user_11,3,CLEAN_WATER,0.170
user_11,4,COMMUNITY_HEALTH,0.162
user_11,5,ENVIRONMENT,0.145
user_11,6,ANIMAL_RESCUE,0.141
user_110,1,ANIMAL_RESCUE,0.251
user_110,2,CLEAN_WATER,0.171
user_110,3,EDUCATION,0.157
user_110,4,ENVIRONMENT,0.152
user_110,5,DISASTER_RELIEF,0.135
user_110,6,COMMUNITY_HEALTH,0.134
user_111,1,ANIMAL_RESCUE,0.210
user_111,2,ENVIRONMENT,0.175
user_111,3,DISASTER_RELIEF,0.169
user_111,4,COMMUNITY_HEALTH,0.156
user_111,5,CLEAN_WATER,0.156
user_111,6,EDUCATION,0.133
user_112,1,DISASTER_RELIEF,0.225
user_112,2,COMMUNITY_HEALTH,0.188
user_112,3,ANIMAL_RESCUE,0.171
user_112,4,EDUCATION,0.153
user_112,5,ENVIRONMENT,0.132
user_112,6,CLEAN_WATER,0.130
user_113,1,COMMUNITY_HEALTH,0.185
user_113,2,DISASTER_RELIEF,0.185
user_113,3,ANIMAL_RESCUE,0.174
user_113,4,CLEAN_WATER,0.173
user_113,5,ENVIRONMENT,0.151
user_113,6,EDUCATION,0.132
user_114,1,ANIMAL_RESCUE,0.245
user_114,2,EDUCATION,0.181
user_114,3,ENVIRONMENT,0.175
user_114,4,CLEAN_WATER,0.147
user_114,5,DISASTER_RELIEF,0.133
user_114,6,COMMUNITY_HEALTH,0.120
user_115,1,COMMUNITY_HEALTH,0.199
user_115,2,ANIMAL_RESCUE,0.184
user_115,3,CLEAN_WATER,0.182
user_115,4,DISASTER_RELIEF,0.158
user_115,5,ENVIRONMENT,0.152
user_115,6,EDUCATION,0.126
user_116,1,ANIMAL_RESCUE,0.212
user_116,2,ENVIRONMENT,0.179
user_116,3,DISASTER_RELIEF,0.164
user_116,4,COMMUNITY_HEALTH,0.161
user_116,5,EDUCATION,0.152
user_116,6,CLEAN_WATER,0.132
user_117,1,ANIMAL_RESCUE,0.205
user_117,2,ENVIRONMENT,0.183
user_117,3,EDUCATION,0.168
user_117,4,CLEAN_WATER,0.163
user_117,5,DISASTER_RELIEF,0.160
user_117,6,COMMUNITY_HEALTH,0.122
user_118,1,ENVIRONMENT,0.218
user_118,2,ANIMAL_RESCUE,0.193
user_118,3,DISASTER_RELIEF,0.160
user_118,4,CLEAN_WATER,0.147
user_118,5,COMMUNITY_HEALTH,0.144
user_118,6,EDUCATION,0.139
user_119,1,CLEAN_WATER,0.216
user_119,2,COMMUNITY_HEALTH,0.192
user_119,3,EDUCATION,0.169
user_119,4,ENVIRONMENT,0.149
user_119,5,ANIMAL_RESCUE,0.139
user_119,6,DISASTER_RELIEF,0.135
user_12,1,ANIMAL_RESCUE,0.199
user_12,2,CLEAN_WATER,0.179
user_12,3,DISASTER_RELIEF,0.166
user_12,4,COMMUNITY_HEALTH,0.159
user_12,5,ENVIRONMENT,0.158
user_12,6,EDUCATION,0.139
user_120,1,EDUCATION,0.195
user_120,2,ENVIRONMENT,0.190
user_120,3,ANIMAL_RESCUE,0.190
user_120,4,CLEAN_WATER,0.152
user_120,5,DISASTER_RELIEF,0.137
user_120,6,COMMUNITY_HEALTH,0.136
user_121,1,CLEAN_WATER,0.186
user_121,2,ANIMAL_RESCUE,0.183
user_121,3,COMMUNITY_HEALTH,0.182
user_121,4,DISASTER_RELIEF,0.161
user_121,5,EDUCATION,0.152
user_121,6,ENVIRONMENT,0.136
user_122,1,CLEAN_WATER,0.195
user_122,2,ANIMAL_RESCUE,0.181
user_122,3,ENVIRONMENT,0.177
user_122,4,EDUCATION,0.157
user_122,5,COMMUNITY_HEALTH,0.150
user_122,6,DISASTER_RELIEF,0.140
user_123,1,EDUCATION,0.218
user_123,2,DISASTER_RELIEF,0.176
user_123,3,COMMUNITY_HEALTH,0.173
user_123,4,CLEAN_WATER,0.155
user_123,5,ENVIRONMENT,0.142
user_123,6,ANIMAL_RESCUE,0.136
user_124,1,ANIMAL_RESCUE,0.241
user_124,2,ENVIRONMENT,0.190
user_124,3,CLEAN_WATER,0.148
user_124,4,COMMUNITY_HEALTH,0.146
user_124,5,DISASTER_RELIEF,0.143
user_124,6,EDUCATION,0.131
user_125,1,DISASTER_RELIEF,0.257
user_125,2,COMMUNITY_HEALTH,0.170
user_125,3,ENVIRONMENT,0.159
user_125,4,ANIMAL_RESCUE,0.145
user_125,5,EDUCATION,0.135
user_125,6,CLEAN_WATER,0.134
user_126,1,COMMUNITY_HEALTH,0.211
user_126,2,ANIMAL_RESCUE,0.193
user_126,3,CLEAN_WATER,0.184
user_126,4,DISASTER_RELIEF,0.179
user_126,5,EDUCATION,0.129
user_126,6,ENVIRONMENT,0.104
user_127,1,EDUCATION,0.207
user_127,2,DISASTER_RELIEF,0.188
user_127,3,CLEAN_WATER,0.173
user_127,4,COMMUNITY_HEALTH,0.163
user_127,5,ENVIRONMENT,0.141
user_127,6,ANIMAL_RESCUE,0.128
user_128,1,ANIMAL_RESCUE,0.261
user_128,2,CLEAN_WATER,0.169
user_128,3,ENVIRONMENT,0.163
user_128,4,EDUCATION,0.155
user_128,5,COMMUNITY_HEALTH,0.132
user_128,6,DISASTER_RELIEF,0.120
user_129,1,ANIMAL_RESCUE,0.222
user_129,2,ENVIRONMENT,0.166
user_129,3,DISASTER_RELIEF,0.164
user_129,4,COMMUNITY_HEALTH,0.158
user_129,5,EDUCATION,0.157
user_129,6,CLEAN_WATER,0.132
user_13,1,CLEAN_WATER,0.205
user_13,2,COMMUNITY_HEALTH,0.190
user_13,3,EDUCATION,0.189
user_13,4,ANIMAL_RESCUE,0.174
user_13,5,DISASTER_RELIEF,0.130
user_13,6,ENVIRONMENT,0.113
user_130,1,COMMUNITY_HEALTH,0.210
user_130,2,ANIMAL_RESCUE,0.198
user_130,3,CLEAN_WATER,0.188
user_130,4,DISASTER_RELIEF,0.154
user_130,5,EDUCATION,0.137
user_130,6,ENVIRONMENT,0.112
user_131,1,CLEAN_WATER,0.203
user_131,2,COMMUNITY_HEALTH,0.201
user_131,3,ANIMAL_RESCUE,0.194
user_131,4,DISASTER_RELIEF,0.155
user_131,5,EDUCATION,0.132
user_131,6,ENVIRONMENT,0.114
user_132,1,ENVIRONMENT,0.199
user_132,2,DISASTER_RELIEF,0.191
user_132,3,ANIMAL_RESCUE,0.189
user_132,4,COMMUNITY_HEALTH,0.155
user_132,5,CLEAN_WATER,0.137
user_132,6,EDUCATION,0.129
user_133,1,EDUCATION,0.193
user_133,2,DISASTER_RELIEF,0.188
user_133,3,CLEAN_WATER,0.178
user_133,4,COMMUNITY_HEALTH,0.166
user_133,5,ENVIRONMENT,0.140
user_133,6,ANIMAL_RESCUE,0.135
user_134,1,CLEAN_WATER,0.185
user_134,2,COMMUNITY_HEALTH,0.179
user_134,3,ANIMAL_RESCUE,0.178
user_134,4,ENVIRONMENT,0.173
user_134,5,DISASTER_RELIEF,0.156
user_134,6,EDUCATION,0.129
user_135,1,ENVIRONMENT,0.215
user_135,2,ANIMAL_RESCUE,0.196
user_135,3,DISASTER_RELIEF,0.161
user_135,4,COMMUNITY_HEALTH,0.150
user_135,5,CLEAN_WATER,0.140
user_135,6,EDUCATION,0.139
user_136,1,ANIMAL_RESCUE,0.205
user_136,2,ENVIRONMENT,0.187
user_136,3,EDUCATION,0.173
user_136,4,CLEAN_WATER,0.158
user_136,5,DISASTER_RELIEF,0.148
user_136,6,COMMUNITY_HEALTH,0.129
user_137,1,COMMUNITY_HEALTH,0.194
user_137,2,CLEAN_WATER,0.179
user_137,3,DISASTER_RELIEF,0.174
user_137,4,ANIMAL_RESCUE,0.171
user_137,5,EDUCATION,0.146
user_137,6,ENVIRONMENT,0.135
user_138,1,DISASTER_RELIEF,0.200
user_138,2,ANIMAL_RESCUE,0.182
user_138,3,ENVIRONMENT,0.162
user_138,4,CLEAN_WATER,0.154
user_138,5,COMMUNITY_HEALTH,0.153
user_138,6,EDUCATION,0.149
user_139,1,ANIMAL_RESCUE,0.238
user_139,2,ENVIRONMENT,0.203
user_139,3,EDUCATION,0.164
user_139,4,CLEAN_WATER,0.154
user_139,5,DISASTER_RELIEF,0.128
user_139,6,COMMUNITY_HEALTH,0.113
user_14,1,CLEAN_WATER,0.187
user_14,2,ANIMAL_RESCUE,0.184
user_14,3,ENVIRONMENT,0.164
user_14,4,EDUCATION,0.156
user_14,5,COMMUNITY_HEALTH,0.155
user_14,6,DISASTER_RELIEF,0.154
user_140,1,ENVIRONMENT,0.198
user_140,2,ANIMAL_RESCUE,0.192
user_140,3,EDUCATION,0.187
user_140,4,CLEAN_WATER,0.150
user_140,5,COMMUNITY_HEALTH,0.141
user_140,6,DISASTER_RELIEF,0.132
user_141,1,DISASTER_RELIEF,0.254
user_141,2,COMMUNITY_HEALTH,0.165
user_141,3,ENVIRONMENT,0.158
user_141,4,EDUCATION,0.153
user_141,5,ANIMAL_RESCUE,0.147
user_141,6,CLEAN_WATER,0.123
user_142,1,CLEAN_WATER,0.199
user_142,2,ANIMAL_RESCUE,0.181
user_142,3,ENVIRONMENT,0.177
user_142,4,EDUCATION,0.162
user_142,5,COMMUNITY_HEALTH,0.150
user_142,6,DISASTER_RELIEF,0.132
user_143,1,EDUCATION,0.207
user_143,2,DISASTER_RELIEF,0.171
user_143,3,COMMUNITY_HEALTH,0.169
user_143,4,CLEAN_WATER,0.163
user_143,5,ANIMAL_RESCUE,0.148
user_143,6,ENVIRONMENT,0.142
user_144,1,ANIMAL_RESCUE,0.215
user_144,2,ENVIRONMENT,0.192
user_144,3,CLEAN_WATER,0.158
user_144,4,EDUCATION,0.157
user_144,5,DISASTER_RELIEF,0.147
user_144,6,COMMUNITY_HEALTH,0.131
user_145,1,COMMUNITY_HEALTH,0.209
user_145,2,ANIMAL_RESCUE,0.199
user_145,3,CLEAN_WATER,0.179
user_145,4,EDUCATION,0.153
user_145,5,DISASTER_RELIEF,0.143
user_145,6,ENVIRONMENT,0.117
user_146,1,COMMUNITY_HEALTH,0.207
user_146,2,ANIMAL_RESCUE,0.193
user_146,3,CLEAN_WATER,0.190
user_146,4,EDUCATION,0.144
user_146,5,DISASTER_RELIEF,0.140
user_146,6,ENVIRONMENT,0.126
user_147,1,DISASTER_RELIEF,0.231
user_147,2,COMMUNITY_HEALTH,0.192
user_147,3,ANIMAL_RESCUE,0.164
user_147,4,CLEAN_WATER,0.141
user_147,5,EDUCATION,0.136
user_147,6,ENVIRONMENT,0.135
user_148,1,DISASTER_RELIEF,0.232
user_148,2,COMMUNITY_HEALTH,0.165
user_148,3,EDUCATION,0.162
user_148,4,ANIMAL_RESCUE,0.160
user_148,5,ENVIRONMENT,0.152
user_148,6,CLEAN_WATER,0.130
user_149,1,ANIMAL_RESCUE,0.197
user_149,2,CLEAN_WATER,0.173
user_149,3,COMMUNITY_HEALTH,0.165
user_149,4,ENVIRONMENT,0.162
user_149,5,DISASTER_RELIEF,0.152
user_149,6,EDUCATION,0.151
user_15,1,DISASTER_RELIEF,0.195
user_15,2,ANIMAL_RESCUE,0.194
user_15,3,ENVIRONMENT,0.157
user_15,4,COMMUNITY_HEALTH,0.156
user_15,5,CLEAN_WATER,0.150
user_15,6,EDUCATION,0.149
user_150,1,ANIMAL_RESCUE,0.238
user_150,2,CLEAN_WATER,0.166
user_150,3,ENVIRONMENT,0.162
user_150,4,DISASTER_RELIEF,0.146
user_150,5,EDUCATION,0.145
user_150,6,COMMUNITY_HEALTH,0.144
user_151,1,CLEAN_WATER,0.200
user_151,2,EDUCATION,0.198
user_151,3,COMMUNITY_HEALTH,0.187
user_151,4,ANIMAL_RESCUE,0.163
user_151,5,DISASTER_RELIEF,0.135
user_151,6,ENVIRONMENT,0.119
user_152,1,COMMUNITY_HEALTH,0.185
user_152,2,CLEAN_WATER,0.182
user_152,3,DISASTER_RELIEF,0.181
user_152,4,ANIMAL_RESCUE,0.166
user_152,5,EDUCATION,0.153
user_152,6,ENVIRONMENT,0.134
user_153,1,DISASTER_RELIEF,0.200
user_153,2,ANIMAL_RESCUE,0.189
user_153,3,COMMUNITY_HEALTH,0.185
user_153,4,EDUCATION,0.145
user_153,5,CLEAN_WATER,0.141
user_153,6,ENVIRONMENT,0.140
user_154,1,EDUCATION,0.203
user_154,2,ENVIRONMENT,0.193
user_154,3,ANIMAL_RESCUE,0.175
user_154,4,CLEAN_WATER,0.154
user_154,5,COMMUNITY_HEALTH,0.145
user_154,6,DISASTER_RELIEF,0.130
user_155,1,ENVIRONMENT,0.210
user_155,2,ANIMAL_RESCUE,0.190
user_155,3,DISASTER_RELIEF,0.162
user_155,4,CLEAN_WATER,0.149
user_155,5,COMMUNITY_HEALTH,0.146
user_155,6,EDUCATION,0.142
user_156,1,DISASTER_RELIEF,0.241
user_156,2,COMMUNITY_HEALTH,0.179
user_156,3,EDUCATION,0.156
user_156,4,ENVIRONMENT,0.156
user_156,5,ANIMAL_RESCUE,0.149
user_156,6,CLEAN_WATER,0.120
user_157,1,ANIMAL_RESCUE,0.224
user_157,2,COMMUNITY_HEALTH,0.182
user_157,3,CLEAN_WATER,0.164
user_157,4,DISASTER_RELIEF,0.161
user_157,5,ENVIRONMENT,0.149
user_157,6,EDUCATION,0.120
user_158,1,CLEAN_WATER,0.181
user_158,2,ENVIRONMENT,0.180
user_158,3,COMMUNITY_HEALTH,0.178
user_158,4,DISASTER_RELIEF,0.171
user_158,5,ANIMAL_RESCUE,0.163
user_158,6,EDUCATION,0.127
user_159,1,ENVIRONMENT,0.209
user_159,2,ANIMAL_RESCUE,0.203
user_159,3,DISASTER_RELIEF,0.163
user_159,4,COMMUNITY_HEALTH,0.151
user_159,5,EDUCATION,0.142
user_159,6,CLEAN_WATER,0.132
user_16,1,ANIMAL_RESCUE,0.218
user_16,2,ENVIRONMENT,0.197
user_16,3,EDUCATION,0.167
user_16,4,CLEAN_WATER,0.162
user_16,5,DISASTER_RELIEF,0.133
user_16,6,COMMUNITY_HEALTH,0.124
user_160,1,COMMUNITY_HEALTH,0.189
user_160,2,CLEAN_WATER,0.187
user_160,3,ANIMAL_RESCUE,0.183
user_160,4,EDUCATION,0.167
user_160,5,DISASTER_RELIEF,0.142
user_160,6,ENVIRONMENT,0.132
user_161,1,COMMUNITY_HEALTH,0.212
user_161,2,ANIMAL_RESCUE,0.186
user_161,3,CLEAN_WATER,0.183
user_161,4,DISASTER_RELIEF,0.155
user_161,5,EDUCATION,0.154
user_161,6,ENVIRONMENT,0.110
user_162,1,EDUCATION,0.211
user_162,2,ANIMAL_RESCUE,0.186
user_162,3,ENVIRONMENT,0.178
user_162,4,CLEAN_WATER,0.170
user_162,5,COMMUNITY_HEALTH,0.128
user_162,6,DISASTER_RELIEF,0.126
user_163,1,ENVIRONMENT,0.202
user_163,2,ANIMAL_RESCUE,0.190
user_163,3,EDUCATION,0.185
user_163,4,CLEAN_WATER,0.156
user_163,5,COMMUNITY_HEALTH,0.139
user_163,6,DISASTER_RELIEF,0.129
user_164,1,CLEAN_WATER,0.213
user_164,2,COMMUNITY_HEALTH,0.197
user_164,3,EDUCATION,0.173
user_164,4,ANIMAL_RESCUE,0.154
user_164,5,DISASTER_RELIEF,0.137
user_164,6,ENVIRONMENT,0.126
user_165,1,ANIMAL_RESCUE,0.230
user_165,2,ENVIRONMENT,0.186
user_165,3,DISASTER_RELIEF,0.162
user_165,4,COMMUNITY_HEALTH,0.153
user_165,5,CLEAN_WATER,0.148
user_165,6,EDUCATION,0.121
user_166,1,COMMUNITY_HEALTH,0.206
user_166,2,ANIMAL_RESCUE,0.177
user_166,3,CLEAN_WATER,0.174
user_166,4,DISASTER_RELIEF,0.156
user_166,5,ENVIRONMENT,0.149
user_166,6,EDUCATION,0.138
user_167,1,DISASTER_RELIEF,0.236
user_167,2,EDUCATION,0.172
user_167,3,COMMUNITY_HEALTH,0.163
user_167,4,ANIMAL_RESCUE,0.149
user_167,5,ENVIRONMENT,0.149
user_167,6,CLEAN_WATER,0.130
user_168,1,ANIMAL_RESCUE,0.200
user_168,2,EDUCATION,0.188
user_168,3,COMMUNITY_HEALTH,0.166
user_168,4,CLEAN_WATER,0.159
user_168,5,ENVIRONMENT,0.145
user_168,6,DISASTER_RELIEF,0.141
user_169,1,ANIMAL_RESCUE,0.221
user_169,2,COMMUNITY_HEALTH,0.200
user_169,3,CLEAN_WATER,0.178
user_169,4,EDUCATION,0.154
user_169,5,DISASTER_RELIEF,0.139
user_169,6,ENVIRONMENT,0.110
user_17,1,CLEAN_WATER,0.189
user_17,2,COMMUNITY_HEALTH,0.188
user_17,3,ANIMAL_RESCUE,0.184
user_17,4,EDUCATION,0.156
user_17,5,DISASTER_RELIEF,0.149
user_17,6,ENVIRONMENT,0.133
user_170,1,EDUCATION,0.206
user_170,2,ANIMAL_RESCUE,0.202
user_170,3,CLEAN_WATER,0.163
user_170,4,ENVIRONMENT,0.157
user_170,5,COMMUNITY_HEALTH,0.156
user_170,6,DISASTER_RELIEF,0.115
user_171,1,COMMUNITY_HEALTH,0.186
user_171,2,CLEAN_WATER,0.184
user_171,3,ANIMAL_RESCUE,0.173
user_171,4,ENVIRONMENT,0.173
user_171,5,DISASTER_RELIEF,0.158
user_171,6,EDUCATION,0.125
user_172,1,ANIMAL_RESCUE,0.211
user_172,2,DISASTER_RELIEF,0.186
user_172,3,COMMUNITY_HEALTH,0.182
user_172,4,CLEAN_WATER,0.152
user_172,5,ENVIRONMENT,0.147
user_172,6,EDUCATION,0.122
user_173,1,ANIMAL_RESCUE,0.201
user_173,2,ENVIRONMENT,0.178
user_173,3,COMMUNITY_HEALTH,0.175
user_173,4,DISASTER_RELIEF,0.169
user_173,5,EDUCATION,0.145
user_173,6,CLEAN_WATER,0.132
user_174,1,EDUCATION,0.211
user_174,2,CLEAN_WATER,0.174
user_174,3,DISASTER_RELIEF,0.166
user_174,4,COMMUNITY_HEALTH,0.159
user_174,5,ENVIRONMENT,0.148
user_174,6,ANIMAL_RESCUE,0.141
user_175,1,EDUCATION,0.208
user_175,2,ANIMAL_RESCUE,0.186
user_175,3,CLEAN_WATER,0.167
user_175,4,ENVIRONMENT,0.159
user_175,5,DISASTER_RELIEF,0.143
user_175,6,COMMUNITY_HEALTH,0.137
user_176,1,ANIMAL_RESCUE,0.196
user_176,2,ENVIRONMENT,0.195
user_176,3,CLEAN_WATER,0.184
user_176,4,COMMUNITY_HEALTH,0.161
user_176,5,DISASTER_RELIEF,0.143
user_176,6,EDUCATION,0.121
user_177,1,ANIMAL_RESCUE,0.229
user_177,2,COMMUNITY_HEALTH,0.176
user_177,3,DISASTER_RELIEF,0.168
user_177,4,CLEAN_WATER,0.154
user_177,5,ENVIRONMENT,0.151
user_177,6,EDUCATION,0.122
user_178,1,ANIMAL_RESCUE,0.206
user_178,2,DISASTER_RELIEF,0.177
user_178,3,ENVIRONMENT,0.156
user_178,4,CLEAN_WATER,0.156
user_178,5,EDUCATION,0.155
user_178,6,COMMUNITY_HEALTH,0.151
user_179,1,ANIMAL_RESCUE,0.218
user_179,2,ENVIRONMENT,0.177
user_179,3,DISASTER_RELIEF,0.165
user_179,4,COMMUNITY_HEALTH,0.155
user_179,5,CLEAN_WATER,0.150
user_179,6,EDUCATION,0.135
user_18,1,DISASTER_RELIEF,0.230
user_18,2,COMMUNITY_HEALTH,0.203
user_18,3,ANIMAL_RESCUE,0.162
user_18,4,EDUCATION,0.138
user_18,5,CLEAN_WATER,0.136
user_18,6,ENVIRONMENT,0.131
user_180,1,ANIMAL_RESCUE,0.180
user_180,2,EDUCATION,0.175
user_180,3,CLEAN_WATER,0.173
user_180,4,ENVIRONMENT,0.160
user_180,5,COMMUNITY_HEALTH,0.160
user_180,6,DISASTER_RELIEF,0.151
user_181,1,COMMUNITY_HEALTH,0.202
user_181,2,ANIMAL_RESCUE,0.183
user_181,3,CLEAN_WATER,0.174
user_181,4,DISASTER_RELIEF,0.169
user_181,5,ENVIRONMENT,0.141
user_181,6,EDUCATION,0.130
user_182,1,EDUCATION,0.194
user_182,2,DISASTER_RELIEF,0.182
user_182,3,CLEAN_WATER,0.179
user_182,4,COMMUNITY_HEALTH,0.168
user_182,5,ENVIRONMENT,0.141
user_182,6,ANIMAL_RESCUE,0.137
user_183,1,COMMUNITY_HEALTH,0.193
user_183,2,CLEAN_WATER,0.177
user_183,3,ANIMAL_RESCUE,0.173
user_183,4,EDUCATION,0.167
user_183,5,DISASTER_RELIEF,0.149
user_183,6,ENVIRONMENT,0.141
user_184,1,ANIMAL_RESCUE,0.213
user_184,2,DISASTER_RELIEF,0.174
user_184,3,COMMUNITY_HEALTH,0.173
user_184,4,CLEAN_WATER,0.157
user_184,5,ENVIRONMENT,0.147
user_184,6,EDUCATION,0.136
user_185,1,ANIMAL_RESCUE,0.208
user_185,2,ENVIRONMENT,0.191
user_185,3,CLEAN_WATER,0.157
user_185,4,DISASTER_RELIEF,0.157
user_185,5,EDUCATION,0.156
user_185,6,COMMUNITY_HEALTH,0.131
user_186,1,ENVIRONMENT,0.221
user_186,2,ANIMAL_RESCUE,0.189
user_186,3,DISASTER_RELIEF,0.156
user_186,4,EDUCATION,0.151
user_186,5,COMMUNITY_HEALTH,0.147
user_186,6,CLEAN_WATER,0.136
user_187,1,DISASTER_RELIEF,0.213
user_187,2,COMMUNITY_HEALTH,0.176
user_187,3,ANIMAL_RESCUE,0.167
user_187,4,ENVIRONMENT,0.162
user_187,5,EDUCATION,0.159
user_187,6,CLEAN_WATER,0.123
user_188,1,ANIMAL_RESCUE,0.215
user_188,2,ENVIRONMENT,0.187
user_188,3,DISASTER_RELIEF,0.165
user_188,4,COMMUNITY_HEALTH,0.159
user_188,5,CLEAN_WATER,0.143
user_188,6,EDUCATION,0.130
user_189,1,DISASTER_RELIEF,0.215
user_189,2,COMMUNITY_HEALTH,0.178
user_189,3,EDUCATION,0.175
user_189,4,CLEAN_WATER,0.168
user_189,5,ANIMAL_RESCUE,0.134
user_189,6,ENVIRONMENT,0.130
user_19,1,DISASTER_RELIEF,0.218
user_19,2,EDUCATION,0.185
user_19,3,COMMUNITY_HEALTH,0.166
user_19,4,ANIMAL_RESCUE,0.154
user_19,5,ENVIRONMENT,0.154
user_19,6,CLEAN_WATER,0.123
user_190,1,ANIMAL_RESCUE,0.217
user_190,2,ENVIRONMENT,0.179
user_190,3,DISASTER_RELIEF,0.163
user_190,4,COMMUNITY_HEALTH,0.159
user_190,5,CLEAN_WATER,0.151
user_190,6,EDUCATION,0.131
user_191,1,ANIMAL_RESCUE,0.201
user_191,2,COMMUNITY_HEALTH,0.194
user_191,3,CLEAN_WATER,0.188
user_191,4,ENVIRONMENT,0.154
user_191,5,DISASTER_RELIEF,0.144
user_191,6,EDUCATION,0.119
user_192,1,ANIMAL_RESCUE,0.200
user_192,2,COMMUNITY_HEALTH,0.199
user_192,3,CLEAN_WATER,0.186
user_192,4,ENVIRONMENT,0.147
user_192,5,DISASTER_RELIEF,0.140
user_192,6,EDUCATION,0.127
user_193,1,ANIMAL_RESCUE,0.201
user_193,2,COMMUNITY_HEALTH,0.194
user_193,3,CLEAN_WATER,0.178
user_193,4,DISASTER_RELIEF,0.155
user_193,5,ENVIRONMENT,0.150
user_193,6,EDUCATION,0.122
user_194,1,COMMUNITY_HEALTH,0.208
user_194,2,ANIMAL_RESCUE,0.191
user_194,3,CLEAN_WATER,0.168
user_194,4,DISASTER_RELIEF,0.166
user_194,5,ENVIRONMENT,0.145
user_194,6,EDUCATION,0.123
user_195,1,ANIMAL_RESCUE,0.252
user_195,2,CLEAN_WATER,0.178
user_195,3,ENVIRONMENT,0.154
user_195,4,DISASTER_RELIEF,0.142
user_195,5,EDUCATION,0.142
user_195,6,COMMUNITY_HEALTH,0.132
user_196,1,EDUCATION,0.205
user_196,2,COMMUNITY_HEALTH,0.196
user_196,3,CLEAN_WATER,0.186
user_196,4,ANIMAL_RESCUE,0.166
user_196,5,DISASTER_RELIEF,0.131
user_196,6,ENVIRONMENT,0.116
user_197,1,EDUCATION,0.228
user_197,2,ANIMAL_RESCUE,0.176
user_197,3,ENVIRONMENT,0.175
user_197,4,CLEAN_WATER,0.168
user_197,5,COMMUNITY_HEALTH,0.134
user_197,6,DISASTER_RELIEF,0.117
user_198,1,EDUCATION,0.204
user_198,2,ANIMAL_RESCUE,0.194
user_198,3,ENVIRONMENT,0.173
user_198,4,CLEAN_WATER,0.166
user_198,5,DISASTER_RELIEF,0.138
user_198,6,COMMUNITY_HEALTH,0.125
user_199,1,ENVIRONMENT,0.194
user_199,2,EDUCATION,0.191
user_199,3,ANIMAL_RESCUE,0.173
user_199,4,CLEAN_WATER,0.151
user_199,5,COMMUNITY_HEALTH,0.148
user_199,6,DISASTER_RELIEF,0.142
user_2,1,COMMUNITY_HEALTH,0.193
user_2,2,CLEAN_WATER,0.189
user_2,3,EDUCATION,0.188
user_2,4,ENVIRONMENT,0.147
user_2,5,DISASTER_RELIEF,0.142
user_2,6,ANIMAL_RESCUE,0.141
user_20,1,CLEAN_WATER,0.183
user_20,2,ENVIRONMENT,0.179
user_20,3,COMMUNITY_HEALTH,0.175
user_20,4,DISASTER_RELIEF,0.170
user_20,5,ANIMAL_RESCUE,0.167
user_20,6,EDUCATION,0.125
user_21,1,COMMUNITY_HEALTH,0.213
user_21,2,ANIMAL_RESCUE,0.200
user_21,3,CLEAN_WATER,0.175
user_21,4,EDUCATION,0.159
user_21,5,DISASTER_RELIEF,0.144
user_21,6,ENVIRONMENT,0.109
user_22,1,CLEAN_WATER,0.224
user_22,2,COMMUNITY_HEALTH,0.177
user_22,3,EDUCATION,0.165
user_22,4,ENVIRONMENT,0.164
user_22,5,ANIMAL_RESCUE,0.140
user_22,6,DISASTER_RELIEF,0.130
user_23,1,ANIMAL_RESCUE,0.210
user_23,2,EDUCATION,0.186
user_23,3,ENVIRONMENT,0.181
user_23,4,CLEAN_WATER,0.172
user_23,5,DISASTER_RELIEF,0.127
user_23,6,COMMUNITY_HEALTH,0.124
user_24,1,ANIMAL_RESCUE,0.197
user_24,2,CLEAN_WATER,0.170
user_24,3,DISASTER_RELIEF,0.167
user_24,4,COMMUNITY_HEALTH,0.165
user_24,5,ENVIRONMENT,0.154
user_24,6,EDUCATION,0.146
user_25,1,DISASTER_RELIEF,0.209
user_25,2,COMMUNITY_HEALTH,0.187
user_25,3,ANIMAL_RESCUE,0.172
user_25,4,CLEAN_WATER,0.147
user_25,5,EDUCATION,0.146
user_25,6,ENVIRONMENT,0.139
user_26,1,COMMUNITY_HEALTH,0.198
user_26,2,DISASTER_RELIEF,0.192
user_26,3,CLEAN_WATER,0.179
user_26,4,ANIMAL_RESCUE,0.167
user_26,5,EDUCATION,0.140
user_26,6,ENVIRONMENT,0.124
user_27,1,COMMUNITY_HEALTH,0.202
user_27,2,ANIMAL_RESCUE,0.196
user_27,3,CLEAN_WATER,0.176
user_27,4,DISASTER_RELIEF,0.171
user_27,5,ENVIRONMENT,0.145
user_27,6,EDUCATION,0.110
user_28,1,CLEAN_WATER,0.192
user_28,2,COMMUNITY_HEALTH,0.183
user_28,3,ENVIRONMENT,0.175
user_28,4,ANIMAL_RESCUE,0.171
user_28,5,DISASTER_RELIEF,0.167
user_28,6,EDUCATION,0.112
user_29,1,COMMUNITY_HEALTH,0.212
user_29,2,ANIMAL_RESCUE,0.200
user_29,3,CLEAN_WATER,0.178
user_29,4,DISASTER_RELIEF,0.167
user_29,5,EDUCATION,0.140
user_29,6,ENVIRONMENT,0.104
user_3,1,CLEAN_WATER,0.182
user_3,2,COMMUNITY_HEALTH,0.177
user_3,3,ANIMAL_RESCUE,0.168
user_3,4,ENVIRONMENT,0.167
user_3,5,DISASTER_RELIEF,0.164
user_3,6,EDUCATION,0.142
user_30,1,COMMUNITY_HEALTH,0.203
user_30,2,CLEAN_WATER,0.198
user_30,3,EDUCATION,0.179
user_30,4,ANIMAL_RESCUE,0.145
user_30,5,DISASTER_RELIEF,0.145
user_30,6,ENVIRONMENT,0.130
user_31,1,COMMUNITY_HEALTH,0.186
user_31,2,EDUCATION,0.181
user_31,3,CLEAN_WATER,0.179
user_31,4,ANIMAL_RESCUE,0.167
user_31,5,DISASTER_RELIEF,0.165
user_31,6,ENVIRONMENT,0.123
user_32,1,COMMUNITY_HEALTH,0.199
user_32,2,ANIMAL_RESCUE,0.194
user_32,3,CLEAN_WATER,0.176
user_32,4,DISASTER_RELIEF,0.171
user_32,5,ENVIRONMENT,0.149
user_32,6,EDUCATION,0.110
user_33,1,EDUCATION,0.246
user_33,2,ANIMAL_RESCUE,0.191
user_33,3,CLEAN_WATER,0.170
user_33,4,ENVIRONMENT,0.160
user_33,5,COMMUNITY_HEALTH,0.119
user_33,6,DISASTER_RELIEF,0.114
user_34,1,ANIMAL_RESCUE,0.204
user_34,2,DISASTER_RELIEF,0.173
user_34,3,ENVIRONMENT,0.170
user_34,4,CLEAN_WATER,0.160
user_34,5,COMMUNITY_HEALTH,0.155
user_34,6,EDUCATION,0.139
user_35,1,ANIMAL_RESCUE,0.225
user_35,2,CLEAN_WATER,0.163
user_35,3,ENVIRONMENT,0.163
user_35,4,EDUCATION,0.159
user_35,5,DISASTER_RELIEF,0.153
user_35,6,COMMUNITY_HEALTH,0.138
user_36,1,CLEAN_WATER,0.201
user_36,2,COMMUNITY_HEALTH,0.197
user_36,3,EDUCATION,0.187
user_36,4,ANIMAL_RESCUE,0.160
user_36,5,ENVIRONMENT,0.132
user_36,6,DISASTER_RELIEF,0.123
user_37,1,CLEAN_WATER,0.185
user_37,2,COMMUNITY_HEALTH,0.182
user_37,3,ENVIRONMENT,0.172
user_37,4,ANIMAL_RESCUE,0.170
user_37,5,DISASTER_RELIEF,0.159
user_37,6,EDUCATION,0.132
user_38,1,DISASTER_RELIEF,0.236
user_38,2,COMMUNITY_HEALTH,0.170
user_38,3,EDUCATION,0.166
user_38,4,ANIMAL_RESCUE,0.155
user_38,5,ENVIRONMENT,0.151
user_38,6,CLEAN_WATER,0.122
user_39,1,ANIMAL_RESCUE,0.242
user_39,2,COMMUNITY_HEALTH,0.161
user_39,3,CLEAN_WATER,0.158
user_39,4,ENVIRONMENT,0.158
user_39,5,DISASTER_RELIEF,0.156
user_39,6,EDUCATION,0.126
user_4,1,ANIMAL_RESCUE,0.220
user_4,2,ENVIRONMENT,0.192
user_4,3,EDUCATION,0.166
user_4,4,CLEAN_WATER,0.156
user_4,5,DISASTER_RELIEF,0.135
user_4,6,COMMUNITY_HEALTH,0.132
user_40,1,EDUCATION,0.200
user_40,2,CLEAN_WATER,0.193
user_40,3,COMMUNITY_HEALTH,0.192
user_40,4,ANIMAL_RESCUE,0.163
user_40,5,DISASTER_RELIEF,0.126
user_40,6,ENVIRONMENT,0.125
user_41,1,COMMUNITY_HEALTH,0.208
user_41,2,ANIMAL_RESCUE,0.187
user_41,3,CLEAN_WATER,0.175
user_41,4,DISASTER_RELIEF,0.157
user_41,5,ENVIRONMENT,0.152
user_41,6,EDUCATION,0.121
user_42,1,ANIMAL_RESCUE,0.176
user_42,2,EDUCATION,0.176
user_42,3,CLEAN_WATER,0.175
user_42,4,ENVIRONMENT,0.167
user_42,5,COMMUNITY_HEALTH,0.159
user_42,6,DISASTER_RELIEF,0.146
user_43,1,CLEAN_WATER,0.209
user_43,2,COMMUNITY_HEALTH,0.195
user_43,3,EDUCATION,0.179
user_43,4,ANIMAL_RESCUE,0.148
user_43,5,DISASTER_RELIEF,0.141
user_43,6,ENVIRONMENT,0.128
user_44,1,COMMUNITY_HEALTH,0.202
user_44,2,EDUCATION,0.197
user_44,3,CLEAN_WATER,0.187
user_44,4,ANIMAL_RESCUE,0.157
user_44,5,DISASTER_RELIEF,0.142
user_44,6,ENVIRONMENT,0.114
user_45,1,EDUCATION,0.248
user_45,2,ANIMAL_RESCUE,0.183
user_45,3,CLEAN_WATER,0.176
user_45,4,ENVIRONMENT,0.162
user_45,5,COMMUNITY_HEALTH,0.119
user_45,6,DISASTER_RELIEF,0.113
user_46,1,ANIMAL_RESCUE,0.226
user_46,2,ENVIRONMENT,0.178
user_46,3,COMMUNITY_HEALTH,0.162
user_46,4,DISASTER_RELIEF,0.155
user_46,5,CLEAN_WATER,0.140
user_46,6,EDUCATION,0.138
user_47,1,EDUCATION,0.229
user_47,2,ANIMAL_RESCUE,0.190
user_47,3,ENVIRONMENT,0.171
user_47,4,CLEAN_WATER,0.163
user_47,5,COMMUNITY_HEALTH,0.127
user_47,6,DISASTER_RELIEF,0.119
user_48,1,ANIMAL_RESCUE,0.186
user_48,2,CLEAN_WATER,0.181
user_48,3,ENVIRONMENT,0.178
user_48,4,COMMUNITY_HEALTH,0.156
user_48,5,DISASTER_RELIEF,0.155
user_48,6,EDUCATION,0.144
user_49,1,DISASTER_RELIEF,0.198
user_49,2,EDUCATION,0.190
user_49,3,CLEAN_WATER,0.176
user_49,4,COMMUNITY_HEALTH,0.171
user_49,5,ENVIRONMENT,0.136
user_49,6,ANIMAL_RESCUE,0.128
user_5,1,COMMUNITY_HEALTH,0.216
user_5,2,ANIMAL_RESCUE,0.210
user_5,3,CLEAN_WATER,0.174
user_5,4,EDUCATION,0.148
user_5,5,DISASTER_RELIEF,0.145
user_5,6,ENVIRONMENT,0.107
user_50,1,ANIMAL_RESCUE,0.227
user_50,2,DISASTER_RELIEF,0.213
user_50,3,COMMUNITY_HEALTH,0.173
user_50,4,CLEAN_WATER,0.148
user_50,5,ENVIRONMENT,0.128
user_50,6,EDUCATION,0.111
user_51,1,CLEAN_WATER,0.202
user_51,2,COMMUNITY_HEALTH,0.181
user_51,3,ENVIRONMENT,0.168
user_51,4,EDUCATION,0.167
user_51,5,DISASTER_RELIEF,0.146
user_51,6,ANIMAL_RESCUE,0.135
user_52,1,ANIMAL_RESCUE,0.184
user_52,2,CLEAN_WATER,0.182
user_52,3,ENVIRONMENT,0.173
user_52,4,EDUCATION,0.157
user_52,5,COMMUNITY_HEALTH,0.156
user_52,6,DISASTER_RELIEF,0.149
user_53,1,ANIMAL_RESCUE,0.182
user_53,2,CLEAN_WATER,0.181
user_53,3,ENVIRONMENT,0.175
user_53,4,DISASTER_RELIEF,0.159
user_53,5,COMMUNITY_HEALTH,0.156
user_53,6,EDUCATION,0.148
user_54,1,ANIMAL_RESCUE,0.235
user_54,2,COMMUNITY_HEALTH,0.170
user_54,3,DISASTER_RELIEF,0.168
user_54,4,CLEAN_WATER,0.157
user_54,5,ENVIRONMENT,0.147
user_54,6,EDUCATION,0.123
user_55,1,ANIMAL_RESCUE,0.217
user_55,2,ENVIRONMENT,0.180
user_55,3,COMMUNITY_HEALTH,0.165
user_55,4,DISASTER_RELIEF,0.161
user_55,5,EDUCATION,0.142
user_55,6,CLEAN_WATER,0.135
user_56,1,DISASTER_RELIEF,0.251
user_56,2,COMMUNITY_HEALTH,0.181
user_56,3,ENVIRONMENT,0.157
user_56,4,ANIMAL_RESCUE,0.145
user_56,5,EDUCATION,0.143
user_56,6,CLEAN_WATER,0.124
user_57,1,ANIMAL_RESCUE,0.191
user_57,2,EDUCATION,0.184
user_57,3,CLEAN_WATER,0.174
user_57,4,ENVIRONMENT,0.168
user_57,5,DISASTER_RELIEF,0.146
user_57,6,COMMUNITY_HEALTH,0.137
user_58,1,ANIMAL_RESCUE,0.220
user_58,2,DISASTER_RELIEF,0.187
user_58,3,COMMUNITY_HEALTH,0.179
user_58,4,CLEAN_WATER,0.155
user_58,5,ENVIRONMENT,0.149
user_58,6,EDUCATION,0.109
user_59,1,COMMUNITY_HEALTH,0.208
user_59,2,CLEAN_WATER,0.186
user_59,3,ANIMAL_RESCUE,0.181
user_59,4,DISASTER_RELIEF,0.159
user_59,5,EDUCATION,0.153
user_59,6,ENVIRONMENT,0.114
user_6,1,CLEAN_WATER,0.212
user_6,2,COMMUNITY_HEALTH,0.177
user_6,3,ENVIRONMENT,0.175
user_6,4,EDUCATION,0.161
user_6,5,ANIMAL_RESCUE,0.151
user_6,6,DISASTER_RELIEF,0.125
user_60,1,COMMUNITY_HEALTH,0.204
user_60,2,ANIMAL_RESCUE,0.195
user_60,3,CLEAN_WATER,0.186
user_60,4,ENVIRONMENT,0.150
user_60,5,DISASTER_RELIEF,0.141
user_60,6,EDUCATION,0.124
user_61,1,ANIMAL_RESCUE,0.209
user_61,2,COMMUNITY_HEALTH,0.194
user_61,3,CLEAN_WATER,0.179
user_61,4,ENVIRONMENT,0.159
user_61,5,DISASTER_RELIEF,0.139
user_61,6,EDUCATION,0.121
user_62,1,CLEAN_WATER,0.202
user_62,2,COMMUNITY_HEALTH,0.192
user_62,3,EDUCATION,0.187
user_62,4,ANIMAL_RESCUE,0.152
user_62,5,DISASTER_RELIEF,0.134
user_62,6,ENVIRONMENT,0.132
user_63,1,ANIMAL_RESCUE,0.178
user_63,2,CLEAN_WATER,0.174
user_63,3,ENVIRONMENT,0.168
user_63,4,EDUCATION,0.168
user_63,5,COMMUNITY_HEALTH,0.157
user_63,6,DISASTER_RELIEF,0.155
user_64,1,CLEAN_WATER,0.201
user_64,2,COMMUNITY_HEALTH,0.193
user_64,3,ANIMAL_RESCUE,0.170
user_64,4,DISASTER_RELIEF,0.151
user_64,5,EDUCATION,0.149
user_64,6,ENVIRONMENT,0.135
user_65,1,DISASTER_RELIEF,0.224
user_65,2,ENVIRONMENT,0.166
user_65,3,ANIMAL_RESCUE,0.160
user_65,4,EDUCATION,0.158
user_65,5,COMMUNITY_HEALTH,0.156
user_65,6,CLEAN_WATER,0.135
user_66,1,CLEAN_WATER,0.191
user_66,2,ANIMAL_RESCUE,0.183
user_66,3,ENVIRONMENT,0.180
user_66,4,EDUCATION,0.156
user_66,5,COMMUNITY_HEALTH,0.154
user_66,6,DISASTER_RELIEF,0.137
user_67,1,ANIMAL_RESCUE,0.191
user_67,2,COMMUNITY_HEALTH,0.183
user_67,3,CLEAN_WATER,0.179
user_67,4,ENVIRONMENT,0.177
user_67,5,DISASTER_RELIEF,0.152
user_67,6,EDUCATION,0.119
user_68,1,CLEAN_WATER,0.217
user_68,2,COMMUNITY_HEALTH,0.178
user_68,3,ENVIRONMENT,0.165
user_68,4,EDUCATION,0.156
user_68,5,ANIMAL_RESCUE,0.155
user_68,6,DISASTER_RELIEF,0.129
user_69,1,DISASTER_RELIEF,0.220
user_69,2,EDUCATION,0.175
user_69,3,COMMUNITY_HEALTH,0.170
user_69,4,ANIMAL_RESCUE,0.161
user_69,5,ENVIRONMENT,0.151
user_69,6,CLEAN_WATER,0.124
user_7,1,EDUCATION,0.215
user_7,2,ANIMAL_RESCUE,0.175
user_7,3,CLEAN_WATER,0.170
user_7,4,ENVIRONMENT,0.158
user_7,5,DISASTER_RELIEF,0.145
user_7,6,COMMUNITY_HEALTH,0.137
user_70,1,ANIMAL_RESCUE,0.211
user_70,2,ENVIRONMENT,0.174
user_70,3,DISASTER_RELIEF,0.174
user_70,4,COMMUNITY_HEALTH,0.159
user_70,5,CLEAN_WATER,0.143
user_70,6,EDUCATION,0.139
user_71,1,ANIMAL_RESCUE,0.239
user_71,2,CLEAN_WATER,0.167
user_71,3,ENVIRONMENT,0.164
user_71,4,DISASTER_RELIEF,0.155
user_71,5,EDUCATION,0.139
user_71,6,COMMUNITY_HEALTH,0.137
user_72,1,ANIMAL_RESCUE,0.222
user_72,2,DISASTER_RELIEF,0.180
user_72,3,ENVIRONMENT,0.167
user_72,4,COMMUNITY_HEALTH,0.159
user_72,5,CLEAN_WATER,0.148
user_72,6,EDUCATION,0.123
user_73,1,CLEAN_WATER,0.203
user_73,2,COMMUNITY_HEALTH,0.189
user_73,3,EDUCATION,0.162
user_73,4,ENVIRONMENT,0.156
user_73,5,DISASTER_RELIEF,0.151
user_73,6,ANIMAL_RESCUE,0.140
user_74,1,DISASTER_RELIEF,0.195
user_74,2,EDUCATION,0.183
user_74,3,COMMUNITY_HEALTH,0.172
user_74,4,CLEAN_WATER,0.170
user_74,5,ANIMAL_RESCUE,0.140
user_74,6,ENVIRONMENT,0.139
user_75,1,ANIMAL_RESCUE,0.238
user_75,2,CLEAN_WATER,0.180
user_75,3,EDUCATION,0.163
user_75,4,ENVIRONMENT,0.158
user_75,5,COMMUNITY_HEALTH,0.131
user_75,6,DISASTER_RELIEF,0.131
user_76,1,CLEAN_WATER,0.204
user_76,2,COMMUNITY_HEALTH,0.184
user_76,3,EDUCATION,0.182
user_76,4,ENVIRONMENT,0.160
user_76,5,DISASTER_RELIEF,0.137
user_76,6,ANIMAL_RESCUE,0.133
user_77,1,COMMUNITY_HEALTH,0.183
user_77,2,ENVIRONMENT,0.181
user_77,3,ANIMAL_RESCUE,0.177
user_77,4,CLEAN_WATER,0.171
user_77,5,DISASTER_RELIEF,0.155
user_77,6,EDUCATION,0.133
user_78,1,ANIMAL_RESCUE,0.228
user_78,2,DISASTER_RELIEF,0.185
user_78,3,COMMUNITY_HEALTH,0.165
user_78,4,CLEAN_WATER,0.161
user_78,5,ENVIRONMENT,0.139
user_78,6,EDUCATION,0.122
user_79,1,DISASTER_RELIEF,0.236
user_79,2,COMMUNITY_HEALTH,0.170
user_79,3,ENVIRONMENT,0.157
user_79,4,ANIMAL_RESCUE,0.154
user_79,5,EDUCATION,0.148
user_79,6,CLEAN_WATER,0.136
user_8,1,DISASTER_RELIEF,0.183
user_8,2,COMMUNITY_HEALTH,0.183
user_8,3,CLEAN_WATER,0.170
user_8,4,ANIMAL_RESCUE,0.165
user_8,5,ENVIRONMENT,0.160
user_8,6,EDUCATION,0.140
user_80,1,COMMUNITY_HEALTH,0.201
user_80,2,ANIMAL_RESCUE,0.180
user_80,3,CLEAN_WATER,0.174
user_80,4,DISASTER_RELIEF,0.160
user_80,5,EDUCATION,0.152
user_80,6,ENVIRONMENT,0.134
user_81,1,ANIMAL_RESCUE,0.249
user_81,2,ENVIRONMENT,0.171
user_81,3,CLEAN_WATER,0.171
user_81,4,EDUCATION,0.153
user_81,5,COMMUNITY_HEALTH,0.128
user_81,6,DISASTER_RELIEF,0.128
user_82,1,ANIMAL_RESCUE,0.215
user_82,2,ENVIRONMENT,0.176
user_82,3,DISASTER_RELIEF,0.168
user_82,4,COMMUNITY_HEALTH,0.152
user_82,5,CLEAN_WATER,0.145
user_82,6,EDUCATION,0.143
user_83,1,COMMUNITY_HEALTH,0.205
user_83,2,ANIMAL_RESCUE,0.192
user_83,3,CLEAN_WATER,0.170
user_83,4,ENVIRONMENT,0.152
user_83,5,DISASTER_RELIEF,0.151
user_83,6,EDUCATION,0.130
user_84,1,DISASTER_RELIEF,0.224
user_84,2,COMMUNITY_HEALTH,0.183
user_84,3,ANIMAL_RESCUE,0.168
user_84,4,CLEAN_WATER,0.155
user_84,5,ENVIRONMENT,0.137
user_84,6,EDUCATION,0.133
user_85,1,ANIMAL_RESCUE,0.212
user_85,2,ENVIRONMENT,0.183
user_85,3,COMMUNITY_HEALTH,0.169
user_85,4,DISASTER_RELIEF,0.157
user_85,5,EDUCATION,0.140
user_85,6,CLEAN_WATER,0.139
user_86,1,ANIMAL_RESCUE,0.225
user_86,2,ENVIRONMENT,0.187
user_86,3,EDUCATION,0.166
user_86,4,CLEAN_WATER,0.150
user_86,5,DISASTER_RELIEF,0.147
user_86,6,COMMUNITY_HEALTH,0.124
user_87,1,ANIMAL_RESCUE,0.206
user_87,2,COMMUNITY_HEALTH,0.196
user_87,3,CLEAN_WATER,0.179
user_87,4,ENVIRONMENT,0.153
user_87,5,DISASTER_RELIEF,0.148
user_87,6,EDUCATION,0.119
user_88,1,DISASTER_RELIEF,0.215
user_88,2,COMMUNITY_HEALTH,0.176
user_88,3,ANIMAL_RESCUE,0.163
user_88,4,EDUCATION,0.159
user_88,5,ENVIRONMENT,0.159
user_88,6,CLEAN_WATER,0.127
user_89,1,DISASTER_RELIEF,0.217
user_89,2,EDUCATION,0.183
user_89,3,COMMUNITY_HEALTH,0.172
user_89,4,CLEAN_WATER,0.170
user_89,5,ANIMAL_RESCUE,0.131
user_89,6,ENVIRONMENT,0.128
user_9,1,ENVIRONMENT,0.219
user_9,2,ANIMAL_RESCUE,0.197
user_9,3,DISASTER_RELIEF,0.162
user_9,4,COMMUNITY_HEALTH,0.150
user_9,5,CLEAN_WATER,0.138
user_9,6,EDUCATION,0.134
user_90,1,DISASTER_RELIEF,0.226
user_90,2,COMMUNITY_HEALTH,0.191
user_90,3,ANIMAL_RESCUE,0.169
user_90,4,CLEAN_WATER,0.145
user_90,5,EDUCATION,0.134
user_90,6,ENVIRONMENT,0.134
user_91,1,ANIMAL_RESCUE,0.193
user_91,2,CLEAN_WATER,0.185
user_91,3,ENVIRONMENT,0.171
user_91,4,EDUCATION,0.166
user_91,5,DISASTER_RELIEF,0.143
user_91,6,COMMUNITY_HEALTH,0.143
user_92,1,COMMUNITY_HEALTH,0.207
user_92,2,ANIMAL_RESCUE,0.182
user_92,3,CLEAN_WATER,0.176
user_92,4,DISASTER_RELIEF,0.168
user_92,5,ENVIRONMENT,0.148
user_92,6,EDUCATION,0.119
user_93,1,CLEAN_WATER,0.214
user_93,2,COMMUNITY_HEALTH,0.190
user_93,3,EDUCATION,0.176
user_93,4,DISASTER_RELIEF,0.151
user_93,5,ANIMAL_RESCUE,0.143
user_93,6,ENVIRONMENT,0.125
user_94,1,ANIMAL_RESCUE,0.208
user_94,2,ENVIRONMENT,0.173
user_94,3,DISASTER_RELIEF,0.173
user_94,4,COMMUNITY_HEALTH,0.172
user_94,5,EDUCATION,0.140
user_94,6,CLEAN_WATER,0.134
user_95,1,ANIMAL_RESCUE,0.223
user_95,2,DISASTER_RELIEF,0.165
user_95,3,ENVIRONMENT,0.164
user_95,4,EDUCATION,0.161
user_95,5,CLEAN_WATER,0.149
user_95,6,COMMUNITY_HEALTH,0.138
user_96,1,ANIMAL_RESCUE,0.182
user_96,2,ENVIRONMENT,0.178
user_96,3,EDUCATION,0.177
user_96,4,DISASTER_RELIEF,0.161
user_96,5,COMMUNITY_HEALTH,0.157
user_96,6,CLEAN_WATER,0.145
user_97,1,ANIMAL_RESCUE,0.207
user_97,2,ENVIRONMENT,0.185
user_97,3,COMMUNITY_HEALTH,0.171
user_97,4,DISASTER_RELIEF,0.155
user_97,5,CLEAN_WATER,0.142
user_97,6,EDUCATION,0.139
user_98,1,EDUCATION,0.214
user_98,2,ANIMAL_RESCUE,0.180
user_98,3,ENVIRONMENT,0.177
user_98,4,CLEAN_WATER,0.173
user_98,5,DISASTER_RELIEF,0.132
user_98,6,COMMUNITY_HEALTH,0.123
user_99,1,COMMUNITY_HEALTH,0.216
user_99,2,ANIMAL_RESCUE,0.208
user_99,3,CLEAN_WATER,0.174
user_99,4,EDUCATION,0.152
user_99,5,DISASTER_RELIEF,0.143
user_99,6,ENVIRONMENT,0.107
